預測日期,時間,台電時段,契約上限(kW),預測需量(kW),當日預測最高(kW),當日最危險時段,氣象模型
2026-10-01,07:00,離峰,616.0,262.0,407.3,11:00,ecmwf_ifs
2026-10-01,08:00,離峰,616.0,378.6,407.3,11:00,ecmwf_ifs
2026-10-01,09:00,半尖峰,516.0,396.6,407.3,11:00,ecmwf_ifs
2026-10-01,10:00,半尖峰,516.0,406.4,407.3,11:00,ecmwf_ifs
2026-10-01,11:00,半尖峰,516.0,407.3,407.3,11:00,ecmwf_ifs
2026-10-01,12:00,半尖峰,516.0,381.0,407.3,11:00,ecmwf_ifs
2026-10-01,13:00,半尖峰,516.0,396.7,407.3,11:00,ecmwf_ifs
2026-10-01,14:00,半尖峰,516.0,398.4,407.3,11:00,ecmwf_ifs
2026-10-01,15:00,半尖峰,516.0,397.5,407.3,11:00,ecmwf_ifs
2026-10-01,16:00,尖峰,452.0,316.1,407.3,11:00,ecmwf_ifs
2026-10-01,17:00,尖峰,452.0,310.8,407.3,11:00,ecmwf_ifs
2026-10-01,18:00,尖峰,452.0,245.5,407.3,11:00,ecmwf_ifs
2026-10-02,07:00,離峰,616.0,280.8,413.5,14:00,ecmwf_ifs
2026-10-02,08:00,離峰,616.0,381.2,413.5,14:00,ecmwf_ifs
2026-10-02,09:00,半尖峰,516.0,397.4,413.5,14:00,ecmwf_ifs
2026-10-02,10:00,半尖峰,516.0,410.1,413.5,14:00,ecmwf_ifs
2026-10-02,11:00,半尖峰,516.0,412.2,413.5,14:00,ecmwf_ifs
2026-10-02,12:00,半尖峰,516.0,384.8,413.5,14:00,ecmwf_ifs
2026-10-02,13:00,半尖峰,516.0,403.0,413.5,14:00,ecmwf_ifs
2026-10-02,14:00,半尖峰,516.0,413.5,413.5,14:00,ecmwf_ifs
2026-10-02,15:00,半尖峰,516.0,407.8,413.5,14:00,ecmwf_ifs
2026-10-02,16:00,尖峰,452.0,325.6,413.5,14:00,ecmwf_ifs
2026-10-02,17:00,尖峰,452.0,320.3,413.5,14:00,ecmwf_ifs
2026-10-02,18:00,尖峰,452.0,257.3,413.5,14:00,ecmwf_ifs
2026-10-03,07:00,離峰,616.0,103.7,210.9,17:00,ecmwf_ifs
2026-10-03,08:00,離峰,616.0,107.2,210.9,17:00,ecmwf_ifs
2026-10-03,09:00,週六半尖峰,616.0,105.2,210.9,17:00,ecmwf_ifs
2026-10-03,10:00,週六半尖峰,616.0,105.2,210.9,17:00,ecmwf_ifs
2026-10-03,11:00,週六半尖峰,616.0,102.7,210.9,17:00,ecmwf_ifs
2026-10-03,12:00,週六半尖峰,616.0,106.8,210.9,17:00,ecmwf_ifs
2026-10-03,13:00,週六半尖峰,616.0,114.4,210.9,17:00,ecmwf_ifs
2026-10-03,14:00,週六半尖峰,616.0,183.7,210.9,17:00,ecmwf_ifs
2026-10-03,15:00,週六半尖峰,616.0,172.3,210.9,17:00,ecmwf_ifs
2026-10-03,16:00,週六半尖峰,616.0,196.4,210.9,17:00,ecmwf_ifs
2026-10-03,17:00,週六半尖峰,616.0,210.9,210.9,17:00,ecmwf_ifs
2026-10-03,18:00,週六半尖峰,616.0,162.6,210.9,17:00,ecmwf_ifs
2026-10-04,07:00,離峰,616.0,99.5,208.2,17:00,ecmwf_ifs
2026-10-04,08:00,離峰,616.0,107.7,208.2,17:00,ecmwf_ifs
2026-10-04,09:00,離峰,616.0,103.0,208.2,17:00,ecmwf_ifs
2026-10-04,10:00,離峰,616.0,107.5,208.2,17:00,ecmwf_ifs
2026-10-04,11:00,離峰,616.0,104.0,208.2,17:00,ecmwf_ifs
2026-10-04,12:00,離峰,616.0,110.3,208.2,17:00,ecmwf_ifs
2026-10-04,13:00,離峰,616.0,114.5,208.2,17:00,ecmwf_ifs
2026-10-04,14:00,離峰,616.0,190.2,208.2,17:00,ecmwf_ifs
2026-10-04,15:00,離峰,616.0,177.8,208.2,17:00,ecmwf_ifs
2026-10-04,16:00,離峰,616.0,193.9,208.2,17:00,ecmwf_ifs
2026-10-04,17:00,離峰,616.0,208.2,208.2,17:00,ecmwf_ifs
2026-10-04,18:00,離峰,616.0,152.5,208.2,17:00,ecmwf_ifs
2026-10-05,07:00,離峰,616.0,263.8,408.0,15:00,ecmwf_ifs
2026-10-05,08:00,離峰,616.0,380.0,408.0,15:00,ecmwf_ifs
2026-10-05,09:00,半尖峰,516.0,396.2,408.0,15:00,ecmwf_ifs
2026-10-05,10:00,半尖峰,516.0,403.7,408.0,15:00,ecmwf_ifs
2026-10-05,11:00,半尖峰,516.0,406.9,408.0,15:00,ecmwf_ifs
2026-10-05,12:00,半尖峰,516.0,383.9,408.0,15:00,ecmwf_ifs
2026-10-05,13:00,半尖峰,516.0,404.6,408.0,15:00,ecmwf_ifs
2026-10-05,14:00,半尖峰,516.0,403.8,408.0,15:00,ecmwf_ifs
2026-10-05,15:00,半尖峰,516.0,408.0,408.0,15:00,ecmwf_ifs
2026-10-05,16:00,尖峰,452.0,325.0,408.0,15:00,ecmwf_ifs
2026-10-05,17:00,尖峰,452.0,314.9,408.0,15:00,ecmwf_ifs
2026-10-05,18:00,尖峰,452.0,242.2,408.0,15:00,ecmwf_ifs
2026-10-06,07:00,離峰,616.0,270.0,399.4,11:00,ecmwf_ifs
2026-10-06,08:00,離峰,616.0,374.5,399.4,11:00,ecmwf_ifs
2026-10-06,09:00,半尖峰,516.0,385.8,399.4,11:00,ecmwf_ifs
2026-10-06,10:00,半尖峰,516.0,394.5,399.4,11:00,ecmwf_ifs
2026-10-06,11:00,半尖峰,516.0,399.4,399.4,11:00,ecmwf_ifs
2026-10-06,12:00,半尖峰,516.0,372.4,399.4,11:00,ecmwf_ifs
2026-10-06,13:00,半尖峰,516.0,390.1,399.4,11:00,ecmwf_ifs
2026-10-06,14:00,半尖峰,516.0,398.4,399.4,11:00,ecmwf_ifs
2026-10-06,15:00,半尖峰,516.0,398.4,399.4,11:00,ecmwf_ifs
2026-10-06,16:00,尖峰,452.0,311.3,399.4,11:00,ecmwf_ifs
2026-10-06,17:00,尖峰,452.0,299.4,399.4,11:00,ecmwf_ifs
2026-10-06,18:00,尖峰,452.0,229.6,399.4,11:00,ecmwf_ifs
2026-10-07,07:00,離峰,616.0,266.7,405.6,15:00,ecmwf_ifs
2026-10-07,08:00,離峰,616.0,368.0,405.6,15:00,ecmwf_ifs
2026-10-07,09:00,半尖峰,516.0,380.1,405.6,15:00,ecmwf_ifs
2026-10-07,10:00,半尖峰,516.0,388.3,405.6,15:00,ecmwf_ifs
2026-10-07,11:00,半尖峰,516.0,395.2,405.6,15:00,ecmwf_ifs
2026-10-07,12:00,半尖峰,516.0,369.6,405.6,15:00,ecmwf_ifs
2026-10-07,13:00,半尖峰,516.0,392.0,405.6,15:00,ecmwf_ifs
2026-10-07,14:00,半尖峰,516.0,403.1,405.6,15:00,ecmwf_ifs
2026-10-07,15:00,半尖峰,516.0,405.6,405.6,15:00,ecmwf_ifs
2026-10-07,16:00,尖峰,452.0,316.9,405.6,15:00,ecmwf_ifs
2026-10-07,17:00,尖峰,452.0,305.4,405.6,15:00,ecmwf_ifs
2026-10-07,18:00,尖峰,452.0,231.6,405.6,15:00,ecmwf_ifs
2026-10-08,07:00,離峰,616.0,272.0,402.1,15:00,ecmwf_ifs
2026-10-08,08:00,離峰,616.0,367.5,402.1,15:00,ecmwf_ifs
2026-10-08,09:00,半尖峰,516.0,380.4,402.1,15:00,ecmwf_ifs
2026-10-08,10:00,半尖峰,516.0,391.2,402.1,15:00,ecmwf_ifs
2026-10-08,11:00,半尖峰,516.0,400.6,402.1,15:00,ecmwf_ifs
2026-10-08,12:00,半尖峰,516.0,374.8,402.1,15:00,ecmwf_ifs
2026-10-08,13:00,半尖峰,516.0,390.2,402.1,15:00,ecmwf_ifs
2026-10-08,14:00,半尖峰,516.0,393.5,402.1,15:00,ecmwf_ifs
2026-10-08,15:00,半尖峰,516.0,402.1,402.1,15:00,ecmwf_ifs
2026-10-08,16:00,尖峰,452.0,323.5,402.1,15:00,ecmwf_ifs
2026-10-08,17:00,尖峰,452.0,313.9,402.1,15:00,ecmwf_ifs
2026-10-08,18:00,尖峰,452.0,241.6,402.1,15:00,ecmwf_ifs
